id,nome,pais,posicao,idade,clube,copas_do_mundo,num_copas,convocacoes_desde_2018,ritmo,finalizacao,passe,drible,defesa,fisico,gols_clube,assistencias_clube,partidas_clube,foto_url
fra_1,Hugo Lloris,França,Goleiro,37,Los Angeles FC,"2010, 2014, 2018, 2022",4,100,50,25,65,60,85,65,3,0,43,https://upload.wikimedia.org/wikipedia/commons/thumb/c/ca/Lloris_2018_%28cropped%29.jpg/500px-Lloris_2018_%28cropped%29.jpg
fra_2,Benjamin Pavard,França,Lateral Direito,28,Marseille,2022,1,100,74,58,76,73,83,79,14,16,27,https://upload.wikimedia.org/wikipedia/commons/thumb/5/5a/Benjamin_Pavard_20180709.jpg/500px-Benjamin_Pavard_20180709.jpg
fra_3,Raphaël Varane,França,Zagueiro,31,Como,"2014, 2018, 2022",3,103,79,45,64,65,85,79,2,12,27,https://upload.wikimedia.org/wikipedia/commons/c/cc/Rapha%C3%ABl_Varane_2018_%28cropped%29.jpg
fra_4,Presnel Kimpembe,França,Zagueiro,28,Qatar SC,2022,1,98,76,35,68,68,82,85,0,11,33,https://upload.wikimedia.org/wikipedia/commons/thumb/8/81/Presnel_Kimpembe_2022.jpg/500px-Presnel_Kimpembe_2022.jpg
fra_5,Lucas Hernández,França,Lateral Esquerdo,28,Paris Saint-Germain,2022,1,101,78,55,74,74,83,80,14,11,32,https://ui-avatars.com/api/?name=Lucas+Hernández&size=500&background=0f172a&color=38bdf8
fra_6,N'Golo Kanté,França,Volante,33,Fenerbahçe,2018,1,104,76,66,75,81,85,80,11,16,26,https://upload.wikimedia.org/wikipedia/commons/0/05/N%27Golo_Kant%C3%A9_%28cropped%29.jpg
fra_7,Paul Pogba,França,Meio-campista,31,Monaco,"2014, 2018",2,95,70,79,85,84,65,83,22,8,28,https://upload.wikimedia.org/wikipedia/commons/thumb/e/ec/Paul_Pogba_at_the_2025_Cannes_Film_Festival_02.jpg/500px-Paul_Pogba_at_the_2025_Cannes_Film_Festival_02.jpg
fra_8,Antoine Griezmann,França,Meia Atacante,33,Atlético Madrid,"2014, 2018, 2022",3,98,79,86,87,88,54,70,23,11,42,https://upload.wikimedia.org/wikipedia/commons/thumb/6/6e/FRA-ARG_%2810%29_%28cropped%29.jpg/500px-FRA-ARG_%2810%29_%28cropped%29.jpg
fra_9,Kylian Mbappé,França,Atacante,25,Real Madrid,"2018, 2022",2,82,97,90,80,92,36,78,13,13,32,https://upload.wikimedia.org/wikipedia/commons/thumb/6/66/Picture_with_Mbapp%C3%A9_%28cropped_and_rotated%29.jpg/500px-Picture_with_Mbapp%C3%A9_%28cropped_and_rotated%29.jpg
fra_10,Kingsley Coman,França,Ponta Direita,27,Al-Nassr,2022,1,104,89,76,79,87,30,60,11,13,37,https://upload.wikimedia.org/wikipedia/commons/thumb/e/ef/Kingsley_Coman_%282019%29_%28cropped%29.jpg/500px-Kingsley_Coman_%282019%29_%28cropped%29.jpg
fra_11,Olivier Giroud,França,Centroavante,37,Lille,"2014, 2018, 2022",3,103,39,83,71,70,42,80,8,9,30,https://upload.wikimedia.org/wikipedia/commons/9/96/Olivier_Giroud_December_2024.png
esp_1,Unai Simón,Espanha,Goleiro,26,Athletic Bilbao,2022,1,98,45,20,70,65,84,68,1,0,42,https://upload.wikimedia.org/wikipedia/commons/thumb/b/ba/Unai_Sim%C3%B3n_2025_%28cropped%29.jpg/500px-Unai_Sim%C3%B3n_2025_%28cropped%29.jpg
esp_2,Jesús Navas,Espanha,Lateral Direito,38,Sevilla,"2018, 2022",2,99,80,64,80,81,75,58,17,8,33,https://upload.wikimedia.org/wikipedia/commons/7/7e/Jes%C3%BAs_Navas.jpg
esp_3,Aymeric Laporte,Espanha,Zagueiro,30,Athletic Bilbao,2022,1,102,65,50,74,69,86,79,3,17,27,https://upload.wikimedia.org/wikipedia/commons/5/5c/Aymeric_Laporte_2023_%28cropped%29_2.jpg
esp_4,Pau Torres,Espanha,Zagueiro,27,Aston Villa,2022,1,94,73,35,76,72,84,78,1,18,32,https://upload.wikimedia.org/wikipedia/commons/thumb/8/85/Pau_Torres_2023.jpg/500px-Pau_Torres_2023.jpg
esp_5,Jordi Alba,Espanha,Lateral Esquerdo,35,Inter Miami,"2014, 2018, 2022",3,98,82,69,81,82,76,70,16,18,45,https://upload.wikimedia.org/wikipedia/commons/thumb/5/52/Jordi_Alba_NE_Revolution_Inter_Miami_7.9.25-047_%28cropped%29.jpg/500px-Jordi_Alba_NE_Revolution_Inter_Miami_7.9.25-047_%28cropped%29.jpg
esp_6,Rodri,Espanha,Volante,28,Manchester City,2022,1,94,58,73,86,79,85,84,7,20,37,https://upload.wikimedia.org/wikipedia/commons/thumb/4/41/RODRI_-_SWE_vs_ESP_-_UEFA_EURO_2020_QUALIFIERS_-_2019.10.15_%28cropped%29.jpg/500px-RODRI_-_SWE_vs_ESP_-_UEFA_EURO_2020_QUALIFIERS_-_2019.10.15_%28cropped%29.jpg
esp_7,Sergio Busquets,Espanha,Volante,35,Inter Miami,"2010, 2014, 2018, 2022",4,98,42,62,82,79,82,73,17,11,44,https://upload.wikimedia.org/wikipedia/commons/thumb/4/40/Sergio_Busquets_NYCFC_Miami_24_Sep_2025-020_%28cropped%29.jpg/500px-Sergio_Busquets_NYCFC_Miami_24_Sep_2025-020_%28cropped%29.jpg
esp_8,Koke,Espanha,Meio-campista,32,Atlético Madrid,"2018, 2022",2,96,68,73,86,81,76,78,20,9,32,https://upload.wikimedia.org/wikipedia/commons/thumb/1/17/Koke_2019.jpg/500px-Koke_2019.jpg
esp_9,Dani Olmo,Espanha,Meia Atacante,26,Barcelona,2022,1,97,78,76,83,85,55,65,21,13,29,https://upload.wikimedia.org/wikipedia/commons/thumb/e/e0/Dani_Olmo_2022.jpg/500px-Dani_Olmo_2022.jpg
esp_10,Ferran Torres,Espanha,Ponta Direita,24,Barcelona,2022,1,77,82,79,78,83,35,68,18,14,41,https://upload.wikimedia.org/wikipedia/commons/thumb/1/1e/Ferran_Torres_2019.png/500px-Ferran_Torres_2019.png
esp_11,Álvaro Morata,Espanha,Centroavante,31,Como,2022,1,99,82,81,70,78,40,76,12,10,41,https://upload.wikimedia.org/wikipedia/commons/thumb/6/62/%C3%81lvaro_Morata_in_2025.jpg/500px-%C3%81lvaro_Morata_in_2025.jpg
arg_1,Emiliano Martínez,Argentina,Goleiro,31,Aston Villa,"2018, 2022",2,97,52,25,65,60,86,75,2,0,39,https://upload.wikimedia.org/wikipedia/commons/thumb/4/41/St._Louis_City_vs_Aston_Villa_%28Jul_2025%29_14_%28Emiliano_Mart%C3%ADnez%29.jpg/500px-St._Louis_City_vs_Aston_Villa_%28Jul_2025%29_14_%28Emiliano_Mart%C3%ADnez%29.jpg
arg_2,Nahuel Molina,Argentina,Lateral Direito,26,Atlético Madrid,2022,1,98,83,62,76,78,76,70,12,10,43,https://upload.wikimedia.org/wikipedia/commons/thumb/f/f8/Universidad_Cat%C3%B3lica_-_Rosario_Central_20190313_04.jpg/500px-Universidad_Cat%C3%B3lica_-_Rosario_Central_20190313_04.jpg
arg_3,Nicolás Otamendi,Argentina,Zagueiro,36,Benfica,"2010, 2018, 2022",3,95,55,50,65,58,83,83,0,8,26,https://upload.wikimedia.org/wikipedia/commons/d/de/Argentina_team_in_St._Petersburg_%28cropped%29_Otamendi.jpg
arg_4,Germán Pezzella,Argentina,Zagueiro,32,River Plate,"2018, 2022",2,93,54,35,55,50,81,80,3,6,35,https://upload.wikimedia.org/wikipedia/commons/6/6a/Germ%C3%A1n_Pezzella_%28cropped%29.jpg
arg_5,Nicolás Tagliafico,Argentina,Lateral Esquerdo,31,Lyon,"2018, 2022",2,93,78,55,72,75,80,78,5,12,40,https://upload.wikimedia.org/wikipedia/commons/thumb/f/f1/Tagliafico_with_Lyon_in_2022.png/500px-Tagliafico_with_Lyon_in_2022.png
arg_6,Leandro Paredes,Argentina,Volante,29,Boca Juniors,2022,1,95,60,74,82,80,75,74,21,17,45,https://upload.wikimedia.org/wikipedia/commons/thumb/1/13/Leandro_Paredes_2018_%28cropped%29.jpg/500px-Leandro_Paredes_2018_%28cropped%29.jpg
arg_7,Rodrigo De Paul,Argentina,Meio-campista,30,Inter Miami,2022,1,95,78,76,83,83,74,82,10,13,42,https://upload.wikimedia.org/wikipedia/commons/thumb/d/df/Rodrigo_De_Paul_NYCFC_Miami_24_Sep_2025-018_%28cropped%29.jpg/500px-Rodrigo_De_Paul_NYCFC_Miami_24_Sep_2025-018_%28cropped%29.jpg
arg_8,Giovani Lo Celso,Argentina,Meio-campista,28,Betis,2022,1,93,74,74,83,84,65,66,12,10,41,https://upload.wikimedia.org/wikipedia/commons/thumb/2/25/2020-03-10_Fu%C3%9Fball%2C_M%C3%A4nner%2C_UEFA_Champions_League_Achtelfinale%2C_RB_Leipzig_-_Tottenham_Hotspur_1DX_3705_by_Stepro.jpg/500px-2020-03-10_Fu%C3%9Fball%2C_M%C3%A4nner%2C_UEFA_Champions_League_Achtelfinale%2C_RB_Leipzig_-_Tottenham_Hotspur_1DX_3705_by_Stepro.jpg
arg_9,Lionel Messi,Argentina,Atacante,37,Inter Miami,"2006, 2010, 2014, 2018, 2022",5,98,80,87,90,94,33,64,23,15,44,https://upload.wikimedia.org/wikipedia/commons/thumb/b/ba/2026_Lionel_Messi_%28cropped%29.jpg/500px-2026_Lionel_Messi_%28cropped%29.jpg
arg_10,Ángel Di María,Argentina,Ponta Direita,36,Rosario Central,"2010, 2014, 2018, 2022",4,97,79,79,84,86,48,58,19,18,25,https://upload.wikimedia.org/wikipedia/commons/thumb/8/8c/NIG-ARG_%285%29.jpg/500px-NIG-ARG_%285%29.jpg
arg_11,Lautaro Martínez,Argentina,Centroavante,26,Inter Milan,2022,1,93,83,86,74,85,48,84,20,16,34,https://upload.wikimedia.org/wikipedia/commons/thumb/2/2e/Lautaro_Martinez_ARGENTINA_VS_VENEZUELA_2017.jpg/500px-Lautaro_Martinez_ARGENTINA_VS_VENEZUELA_2017.jpg
ing_1,Jordan Pickford,Inglaterra,Goleiro,30,Everton,2022,1,102,55,20,75,65,83,70,2,0,38,https://upload.wikimedia.org/wikipedia/commons/thumb/8/86/Jordan_Pickford_2022-07-16_1.jpg/500px-Jordan_Pickford_2022-07-16_1.jpg
ing_2,Kyle Walker,Inglaterra,Lateral Direito,34,Burnley,"2018, 2022",2,103,90,63,77,78,81,82,18,8,35,https://upload.wikimedia.org/wikipedia/commons/thumb/0/01/Kyle_Walker.jpg/500px-Kyle_Walker.jpg
ing_3,John Stones,Inglaterra,Zagueiro,30,Manchester City,"2018, 2022",2,103,72,40,76,75,85,79,1,18,41,https://upload.wikimedia.org/wikipedia/commons/f/f2/John_Stones_2018-06-13_1.jpg
ing_4,Harry Maguire,Inglaterra,Zagueiro,31,Manchester United,"2018, 2022",2,99,46,52,68,65,81,85,3,15,30,https://upload.wikimedia.org/wikipedia/commons/thumb/a/ab/Harry_Maguire_2023_%28cropped%29.jpg/500px-Harry_Maguire_2023_%28cropped%29.jpg
ing_5,Kieran Trippier,Inglaterra,Lateral Esquerdo,33,Newcastle United,"2018, 2022",2,101,75,65,84,78,80,71,19,8,41,https://upload.wikimedia.org/wikipedia/commons/d/d8/Kieran_Trippier_2018-07-14_1.jpg
ing_6,Declan Rice,Inglaterra,Volante,25,Arsenal,2022,1,88,73,65,80,77,84,83,12,12,29,https://upload.wikimedia.org/wikipedia/commons/thumb/e/ea/1_declan_rice_arsenal_2025_%28cropped%29.jpg/500px-1_declan_rice_arsenal_2025_%28cropped%29.jpg
ing_7,Jordan Henderson,Inglaterra,Meio-campista,34,Brentford,"2014, 2018, 2022",3,104,65,70,80,75,76,76,7,10,30,https://upload.wikimedia.org/wikipedia/commons/thumb/7/79/Jordan_Henderson_29112025_%284%29.jpg/500px-Jordan_Henderson_29112025_%284%29.jpg
ing_8,Mason Mount,Inglaterra,Meio-campista,25,Manchester United,2022,1,89,74,76,82,81,55,64,13,20,38,https://upload.wikimedia.org/wikipedia/commons/thumb/3/32/Mountbrightonoct3_2019_%28cropped%29.jpg/500px-Mountbrightonoct3_2019_%28cropped%29.jpg
ing_9,Raheem Sterling,Inglaterra,Ponta Esquerda,29,Feyenoord,"2014, 2018, 2022",3,97,88,78,78,86,45,60,15,9,39,https://upload.wikimedia.org/wikipedia/commons/thumb/3/3f/Raheem_Sterling_2018.jpg/500px-Raheem_Sterling_2018.jpg
ing_10,Bukayo Saka,Inglaterra,Ponta Direita,22,Arsenal,,0,50,85,82,81,87,65,65,9,17,36,https://upload.wikimedia.org/wikipedia/commons/thumb/c/cd/1_bukayo_saka_arsenal_2025_%28cropped%29.jpg/500px-1_bukayo_saka_arsenal_2025_%28cropped%29.jpg
ing_11,Harry Kane,Inglaterra,Centroavante,30,Bayern Munich,"2018, 2022",2,102,69,93,84,83,49,83,20,14,45,https://upload.wikimedia.org/wikipedia/commons/thumb/9/91/Harry_Kane_on_October_10%2C_2023.jpg/500px-Harry_Kane_on_October_10%2C_2023.jpg
por_1,Rui Patrício,Portugal,Goleiro,36,AS Roma,"2014, 2018, 2022",3,96,45,25,65,60,81,70,3,0,44,https://upload.wikimedia.org/wikipedia/commons/thumb/f/fb/Rui_Patr%C3%ADcio_2018.jpg/500px-Rui_Patr%C3%ADcio_2018.jpg
por_2,João Cancelo,Portugal,Lateral Direito,30,Barcelona,2022,1,97,84,73,85,85,80,71,9,17,28,https://upload.wikimedia.org/wikipedia/commons/3/3f/Portugal_national_football_team_0866_%28Jo%C3%A3o_Cancelo%29.jpg
por_3,Pepe,Portugal,Zagueiro,41,FC Porto,"2010, 2014, 2018, 2022",4,97,65,45,60,58,84,86,0,12,34,https://upload.wikimedia.org/wikipedia/commons/5/55/Pepe_2018.jpg
por_4,Rúben Dias,Portugal,Zagueiro,27,Manchester City,2022,1,93,62,39,68,68,89,87,2,12,30,https://upload.wikimedia.org/wikipedia/commons/9/9a/Portugal_national_football_team_0866_%28R%C3%BAben_Dias%29.jpg
por_5,Raphaël Guerreiro,Portugal,Lateral Esquerdo,30,Bayern Munich,2022,1,94,76,75,86,86,76,60,9,11,35,https://upload.wikimedia.org/wikipedia/commons/2/22/Rapha%C3%ABl_Guerreiro_WC2022.jpg
por_6,William Carvalho,Portugal,Volante,32,Pachuca,"2018, 2022",2,93,45,62,77,75,79,84,15,14,41,https://upload.wikimedia.org/wikipedia/commons/thumb/a/a6/William_Carvalho.jpg/500px-William_Carvalho.jpg
por_7,João Moutinho,Portugal,Meio-campista,37,Braga,"2018, 2022",2,97,52,68,84,80,65,60,19,16,29,https://upload.wikimedia.org/wikipedia/commons/5/58/Jo%C3%A3o_Moutinho_2018_%28cropped%29.jpg
por_8,Bruno Fernandes,Portugal,Meia Atacante,29,Manchester United,"2018, 2022",2,97,71,85,90,83,69,77,23,14,35,https://upload.wikimedia.org/wikipedia/commons/thumb/e/ee/Bruno_Fernandes_Portugal%2C_2018.jpg/500px-Bruno_Fernandes_Portugal%2C_2018.jpg
por_9,Bernardo Silva,Portugal,Ponta Direita,29,Manchester City,"2018, 2022",2,92,69,78,86,92,65,68,19,9,29,https://upload.wikimedia.org/wikipedia/commons/thumb/c/cf/Bernardo_Silva_%28Isto_%C3%89_Gozar_Com_Quem_Trabalha%2C_2024%29.png/500px-Bernardo_Silva_%28Isto_%C3%89_Gozar_Com_Quem_Trabalha%2C_2024%29.png
por_10,João Félix,Portugal,Atacante,24,Al-Nassr,2022,1,73,81,78,79,86,40,66,22,9,44,https://upload.wikimedia.org/wikipedia/commons/c/cb/Portugal_national_football_team_0866_%28Jo%C3%A3o_F%C3%A9lix%29.jpg
por_11,Cristiano Ronaldo,Portugal,Centroavante,39,Al-Nassr,"2006, 2010, 2014, 2018, 2022",5,94,77,88,75,79,34,74,10,13,29,https://upload.wikimedia.org/wikipedia/commons/9/94/2025_Cristiano_Ronaldo_%28cropped%29.jpg
bra_1,Alisson Becker,Brasil,Goleiro,33,Liverpool,"2018, 2022",2,95,55,25,75,65,89,78,3,0,26,https://upload.wikimedia.org/wikipedia/commons/thumb/9/9f/Alisson_in_2018.jpg/500px-Alisson_in_2018.jpg
bra_2,Danilo,Brasil,Lateral Direito,34,Flamengo,"2018, 2022",2,97,76,58,75,75,81,80,15,9,33,https://ui-avatars.com/api/?name=Danilo&size=500&background=0f172a&color=38bdf8
bra_3,Marquinhos,Brasil,Zagueiro,32,Paris Saint-Germain,"2018, 2022",2,93,78,45,75,74,89,80,0,8,38,https://upload.wikimedia.org/wikipedia/commons/thumb/d/dc/FC_Salzburg_gegen_Paris_Saint-Germain_UEFA_Champions_League_49_%28cropped%29.jpg/500px-FC_Salzburg_gegen_Paris_Saint-Germain_UEFA_Champions_League_49_%28cropped%29.jpg
bra_4,Thiago Silva,Brasil,Zagueiro,41,Fluminense,"2014, 2018, 2022",3,91,52,54,73,72,85,76,2,14,25,https://upload.wikimedia.org/wikipedia/commons/thumb/c/c8/20180610_FIFA_Friendly_Match_Austria_vs._Brazil_Thiago_Silva_850_1582.jpg/500px-20180610_FIFA_Friendly_Match_Austria_vs._Brazil_Thiago_Silva_850_1582.jpg
bra_5,Alex Sandro,Brasil,Lateral Esquerdo,35,Flamengo,"2018, 2022",2,91,72,62,75,76,78,78,13,8,25,https://upload.wikimedia.org/wikipedia/commons/0/0d/FC_Zenit_Saint_Petersburg_vs._Juventus%2C_20_October_2021_28_-_Alex_Sandro_%28cropped2%29.jpg
bra_6,Casemiro,Brasil,Volante,34,Manchester United,"2018, 2022",2,96,63,73,79,72,85,88,11,16,29,https://upload.wikimedia.org/wikipedia/commons/thumb/d/dc/Casemiro_Brazil_Austria_June_2018.jpg/500px-Casemiro_Brazil_Austria_June_2018.jpg
bra_7,Fred,Brasil,Meio-campista,33,Fenerbahçe,"2018, 2022",2,95,75,68,78,80,76,75,9,17,40,https://upload.wikimedia.org/wikipedia/commons/8/8d/Fred_Brazil_%28cropped%29.jpg
bra_8,Lucas Paquetá,Brasil,Meia Atacante,28,West Ham United,2022,1,96,74,76,82,85,70,78,22,11,43,https://upload.wikimedia.org/wikipedia/commons/thumb/d/dc/Lucas_Paquet%C3%A1_of_West_Ham.jpeg/500px-Lucas_Paquet%C3%A1_of_West_Ham.jpeg
bra_9,Neymar,Brasil,Meia Atacante,34,Santos,"2014, 2018, 2022",3,93,86,83,85,93,37,61,10,18,42,https://upload.wikimedia.org/wikipedia/commons/b/bb/Neymar_Jr._with_Al_Hilal%2C_3_October_2023_-_03_%28cropped%29.jpg
bra_10,Richarlison,Brasil,Atacante,29,Tottenham Hotspur,2022,1,95,81,79,73,80,52,78,20,15,40,https://upload.wikimedia.org/wikipedia/commons/3/3d/Richarlison_%C3%A9_homenageado_na_ALES_%2810.July.2019%29_01_%28cropped%29.jpg
bra_11,Gabriel Jesus,Brasil,Centroavante,29,Arsenal,2022,1,99,83,80,76,86,40,74,10,13,45,https://upload.wikimedia.org/wikipedia/commons/thumb/8/87/20180610_FIFA_Friendly_Match_Austria_vs._Brazil_Gabriel_Jesus_850_1688.jpg/500px-20180610_FIFA_Friendly_Match_Austria_vs._Brazil_Gabriel_Jesus_850_1688.jpg
hol_1,Jasper Cillessen,Holanda,Goleiro,35,NEC,"2018, 2022",2,93,48,25,65,60,80,68,1,0,25,https://upload.wikimedia.org/wikipedia/commons/thumb/d/d1/GAE_-_NEC_-_53493777654_%28Jasper_Cillessen%29.jpg/500px-GAE_-_NEC_-_53493777654_%28Jasper_Cillessen%29.jpg
hol_2,Denzel Dumfries,Holanda,Lateral Direito,28,Inter Milan,2022,1,90,83,65,72,75,79,89,9,17,32,https://upload.wikimedia.org/wikipedia/commons/b/b7/Edison_ndreca_inter_egnati_%28cropped_Denzel_Dumfries%29.jpg
hol_3,Virgil van Dijk,Holanda,Zagueiro,33,Liverpool,2022,1,92,78,60,71,72,89,86,3,12,37,https://upload.wikimedia.org/wikipedia/commons/thumb/5/5d/20160604_AUT_NED_8876_%28cropped%29.jpg/500px-20160604_AUT_NED_8876_%28cropped%29.jpg
hol_4,Matthijs de Ligt,Holanda,Zagueiro,24,Manchester United,2022,1,75,66,59,64,65,85,86,3,15,36,https://upload.wikimedia.org/wikipedia/commons/c/c9/2022-07-30_Fu%C3%9Fball%2C_M%C3%A4nner%2C_DFL-Supercup%2C_RB_Leipzig_-_FC_Bayern_M%C3%BCnchen_Matthijs_de_Ligt_%28cropped%29.jpg
hol_5,Daley Blind,Holanda,Lateral Esquerdo,34,Girona,"2014, 2022",2,91,50,62,82,76,80,72,16,19,44,https://upload.wikimedia.org/wikipedia/commons/c/c7/Zarya-MU_%286%29_%E2%80%94_%D0%BA%D0%BE%D0%BF%D0%B8%D1%8F.jpg
hol_6,Frenkie de Jong,Holanda,Volante,27,Barcelona,2022,1,93,82,69,86,87,77,78,11,13,29,https://upload.wikimedia.org/wikipedia/commons/4/42/%D0%9C%D0%B0%D1%82%D1%87_%C2%AB%D0%94%D0%B8%D0%BD%D0%B0%D0%BC%D0%BE%C2%BB_-_%C2%AB%D0%91%D0%B0%D1%80%D1%81%D0%B5%D0%BB%D0%BE%D0%BD%D0%B0%C2%BB_0-1._2_%D0%BD%D0%BE%D1%8F%D0%B1%D1%80%D1%8F_2021_%D0%B3%D0%BE%D0%B4%D0%B0._II_%E2%80%94_1289671_%28cropped%29.jpg
hol_7,Georginio Wijnaldum,Holanda,Meio-campista,33,Al-Ettifaq,"2018, 2022",2,93,74,74,78,82,76,76,17,9,39,https://upload.wikimedia.org/wikipedia/commons/thumb/6/61/20160604_AUT_NED_8884_%28cropped%29.jpg/500px-20160604_AUT_NED_8884_%28cropped%29.jpg
hol_8,Davy Klaassen,Holanda,Meio-campista,31,Ajax,"2018, 2022",2,85,68,76,78,77,72,76,20,9,25,https://upload.wikimedia.org/wikipedia/commons/thumb/1/17/GAE_-_Ajax_-_52788472780_%28Davy_Klaassen%29.jpg/500px-GAE_-_Ajax_-_52788472780_%28Davy_Klaassen%29.jpg
hol_9,Steven Bergwijn,Holanda,Ponta Direita,26,Al-Ittihad,2022,1,89,85,78,77,84,40,74,13,11,25,https://upload.wikimedia.org/wikipedia/commons/thumb/b/be/GAE_-_Ajax_-_52788530788_%28Steven_Bergwijn%29.jpg/500px-GAE_-_Ajax_-_52788530788_%28Steven_Bergwijn%29.jpg
hol_10,Donyell Malen,Holanda,Ponta Esquerda,25,Roma,2022,1,80,89,80,72,84,35,72,16,7,30,https://upload.wikimedia.org/wikipedia/commons/thumb/1/1f/DONYELL_MALEN_%E2%80%93_2023.08.12.jpg/500px-DONYELL_MALEN_%E2%80%93_2023.08.12.jpg
hol_11,Memphis Depay,Holanda,Centroavante,30,Corinthians,"2014, 2022",2,91,81,83,81,84,30,79,23,19,29,https://upload.wikimedia.org/wikipedia/commons/1/1c/Memphis_Depay_2019.jpg
ale_1,Manuel Neuer,Alemanha,Goleiro,38,Bayern Munich,"2010, 2014, 2018, 2022",4,95,52,25,78,65,88,72,3,0,35,https://upload.wikimedia.org/wikipedia/commons/thumb/1/10/20180602_FIFA_Friendly_Match_Austria_vs._Germany_Manuel_Neuer_850_0723.jpg/500px-20180602_FIFA_Friendly_Match_Austria_vs._Germany_Manuel_Neuer_850_0723.jpg
ale_2,Joshua Kimmich,Alemanha,Lateral Direito,29,Bayern Munich,"2018, 2022",2,91,70,72,87,83,83,79,11,18,36,https://upload.wikimedia.org/wikipedia/commons/thumb/4/48/2019-06-11_Fu%C3%9Fball%2C_M%C3%A4nner%2C_L%C3%A4nderspiel%2C_Deutschland-Estland_StP_2078_LR10_by_Stepro_%28cropped%29.jpg/500px-2019-06-11_Fu%C3%9Fball%2C_M%C3%A4nner%2C_L%C3%A4nderspiel%2C_Deutschland-Estland_StP_2078_LR10_by_Stepro_%28cropped%29.jpg
ale_3,Antonio Rüdiger,Alemanha,Zagueiro,31,Real Madrid,"2018, 2022",2,92,82,43,71,67,86,86,2,16,30,https://upload.wikimedia.org/wikipedia/commons/thumb/3/3e/20180602_FIFA_Friendly_Match_Austria_vs._Germany_Antonio_R%C3%BCdiger_850_0711.jpg/500px-20180602_FIFA_Friendly_Match_Austria_vs._Germany_Antonio_R%C3%BCdiger_850_0711.jpg
ale_4,Niklas Süle,Alemanha,Zagueiro,28,Borussia Dortmund,2022,1,92,70,42,66,60,83,83,3,11,42,https://upload.wikimedia.org/wikipedia/commons/thumb/d/dd/20180602_FIFA_Friendly_Match_Austria_vs._Germany_Niklas_S%C3%BCle_850_0725.jpg/500px-20180602_FIFA_Friendly_Match_Austria_vs._Germany_Niklas_S%C3%BCle_850_0725.jpg
ale_5,Robin Gosens,Alemanha,Lateral Esquerdo,29,Fiorentina,2022,1,91,80,74,76,78,77,82,8,16,28,https://upload.wikimedia.org/wikipedia/commons/thumb/6/6b/Robin_Gosens_01_%28cropped%29.jpg/500px-Robin_Gosens_01_%28cropped%29.jpg
ale_6,Ilkay Gündogan,Alemanha,Meio-campista,33,Galatasaray,"2018, 2022",2,93,66,80,86,85,72,73,16,13,27,https://ui-avatars.com/api/?name=Ilkay+Gündogan&size=500&background=0f172a&color=38bdf8
ale_7,Toni Kroos,Alemanha,Meio-campista,34,Real Madrid,"2010, 2014, 2018",3,90,50,81,90,81,70,68,18,20,29,https://upload.wikimedia.org/wikipedia/commons/thumb/6/64/Toni_Kroos_Real_Madrid_2021.jpg/500px-Toni_Kroos_Real_Madrid_2021.jpg
ale_8,Leon Goretzka,Alemanha,Meio-campista,29,Bayern Munich,2022,1,93,78,82,81,82,80,86,22,12,36,https://upload.wikimedia.org/wikipedia/commons/thumb/a/a4/FC_Red_Bull_Salzburg_gegen_Bayern_M%C3%BCnchen_%282025-01-06_Testspiel%29_27.jpg/500px-FC_Red_Bull_Salzburg_gegen_Bayern_M%C3%BCnchen_%282025-01-06_Testspiel%29_27.jpg
ale_9,Serge Gnabry,Alemanha,Ponta Direita,28,Bayern Munich,2022,1,95,82,84,80,85,43,69,19,19,31,https://upload.wikimedia.org/wikipedia/commons/thumb/5/55/Serge_Gnabry_WC2022.jpg/500px-Serge_Gnabry_WC2022.jpg
ale_10,Leroy Sané,Alemanha,Ponta Esquerda,28,Galatasaray,2022,1,95,91,81,80,86,38,66,14,8,27,https://upload.wikimedia.org/wikipedia/commons/thumb/b/bf/FC_Red_Bull_Salzburg_gegen_Bayern_M%C3%BCnchen_%282025-01-06_Testspiel%29_22.jpg/500px-FC_Red_Bull_Salzburg_gegen_Bayern_M%C3%BCnchen_%282025-01-06_Testspiel%29_22.jpg
ale_11,Thomas Müller,Alemanha,Meia Atacante,34,Vancouver Whitecaps FC,"2010, 2014, 2018, 2022",4,90,68,84,83,80,55,71,21,8,33,https://upload.wikimedia.org/wikipedia/commons/thumb/a/aa/FC_Red_Bull_Salzburg_gegen_Bayern_M%C3%BCnchen_%282025-01-06_Testspiel%29_19.jpg/500px-FC_Red_Bull_Salzburg_gegen_Bayern_M%C3%BCnchen_%282025-01-06_Testspiel%29_19.jpg
bél_1,Thibaut Courtois,Bélgica,Goleiro,32,Real Madrid,"2014, 2018, 2022",3,92,50,20,65,60,90,75,0,0,32,https://upload.wikimedia.org/wikipedia/commons/c/c4/Courtois_2018_%28cropped%29.jpg
bél_2,Thomas Meunier,Bélgica,Lateral Direito,32,Lille,"2018, 2022",2,97,74,70,76,75,78,82,13,10,34,https://upload.wikimedia.org/wikipedia/commons/thumb/4/4e/2019-07-17_SG_Dynamo_Dresden_vs._Paris_Saint-Germain_by_Sandro_Halank%E2%80%93121.jpg/500px-2019-07-17_SG_Dynamo_Dresden_vs._Paris_Saint-Germain_by_Sandro_Halank%E2%80%93121.jpg
bél_3,Toby Alderweireld,Bélgica,Zagueiro,35,Royal Antwerp,"2014, 2018, 2022",3,94,52,55,72,62,82,80,3,10,44,https://upload.wikimedia.org/wikipedia/commons/thumb/9/98/2020-03-10_Fu%C3%9Fball%2C_M%C3%A4nner%2C_UEFA_Champions_League_Achtelfinale%2C_RB_Leipzig_-_Tottenham_Hotspur_1DX_3693_by_Stepro_%28cropped%29.jpg/500px-2020-03-10_Fu%C3%9Fball%2C_M%C3%A4nner%2C_UEFA_Champions_League_Achtelfinale%2C_RB_Leipzig_-_Tottenham_Hotspur_1DX_3693_by_Stepro_%28cropped%29.jpg
bél_4,Jan Vertonghen,Bélgica,Zagueiro,37,Anderlecht,"2014, 2018, 2022",3,95,54,58,71,65,81,78,1,7,30,https://upload.wikimedia.org/wikipedia/commons/thumb/b/b5/Jan_Vertonghen_14_Jul_2018.jpg/500px-Jan_Vertonghen_14_Jul_2018.jpg
bél_5,Timothy Castagne,Bélgica,Lateral Esquerdo,28,Fulham,2022,1,93,78,65,74,76,77,75,14,12,30,https://upload.wikimedia.org/wikipedia/commons/thumb/c/ca/Timothy_Castagne_2912024_%282%29.jpg/500px-Timothy_Castagne_2912024_%282%29.jpg
bél_6,Axel Witsel,Bélgica,Volante,35,Girona,"2018, 2022",2,93,55,70,80,76,80,80,8,9,25,https://upload.wikimedia.org/wikipedia/commons/f/f6/Witsel_celebrating_bronze_%28cropped%29.jpg
bél_7,Youri Tielemans,Bélgica,Meio-campista,27,Aston Villa,2022,1,94,65,78,84,80,70,72,20,16,25,https://upload.wikimedia.org/wikipedia/commons/thumb/b/b8/Youri_Tielemans_2019.jpg/500px-Youri_Tielemans_2019.jpg
bél_8,Kevin De Bruyne,Bélgica,Meia Atacante,33,Napoli,"2014, 2018, 2022",3,91,72,85,94,87,65,78,18,22,37,https://upload.wikimedia.org/wikipedia/commons/thumb/9/97/Kevin_De_Bruyne-December_2021.png/500px-Kevin_De_Bruyne-December_2021.png
bél_9,Yannick Carrasco,Bélgica,Ponta Esquerda,30,Al-Shabab,2022,1,93,86,78,80,86,55,68,19,12,36,https://upload.wikimedia.org/wikipedia/commons/7/70/Yannick_Ferreira_Carrasco_%28cropped%29.jpg
bél_10,Dries Mertens,Bélgica,Ponta Direita,37,Galatasaray,"2014, 2018, 2022",3,97,76,82,80,85,35,55,17,16,31,https://upload.wikimedia.org/wikipedia/commons/thumb/0/03/Mertens_2018_%28cropped%29.jpg/500px-Mertens_2018_%28cropped%29.jpg
bél_11,Romelu Lukaku,Bélgica,Centroavante,31,Napoli,"2014, 2018, 2022",3,97,80,85,72,75,38,84,21,13,41,https://upload.wikimedia.org/wikipedia/commons/thumb/d/dc/Romelu_Lukaku_2021.jpg/500px-Romelu_Lukaku_2021.jpg
mar_1,Yassine Bounou,Marrocos,Goleiro,33,Al Hilal,"2018, 2022",2,109,50,25,65,65,85,70,3,0,38,https://upload.wikimedia.org/wikipedia/commons/thumb/5/53/Yassine_Bono_%28cropped%29.jpg/500px-Yassine_Bono_%28cropped%29.jpg
mar_2,Achraf Hakimi,Marrocos,Lateral Direito,25,Paris Saint-Germain,"2018, 2022",2,96,92,74,79,80,76,78,10,10,27,https://upload.wikimedia.org/wikipedia/commons/thumb/f/f1/Achraf_Hakimi_vs_Niger%2C_5_Sept_2025.jpg/500px-Achraf_Hakimi_vs_Niger%2C_5_Sept_2025.jpg
mar_3,Romain Saïss,Marrocos,Zagueiro,34,Al Sadd,"2018, 2022",2,104,58,52,66,62,80,82,0,15,43,https://upload.wikimedia.org/wikipedia/commons/thumb/e/e5/RomainSaiss.jpg/500px-RomainSaiss.jpg
mar_4,Nayef Aguerd,Marrocos,Zagueiro,28,Marseille,2022,1,107,68,42,65,64,81,80,1,16,39,https://upload.wikimedia.org/wikipedia/commons/thumb/d/d4/Nayef_Aguerd_vs_Niger%2C_5_Sept_2025.jpg/500px-Nayef_Aguerd_vs_Niger%2C_5_Sept_2025.jpg
mar_5,Noussair Mazraoui,Marrocos,Lateral Esquerdo,26,Manchester United,2022,1,110,78,66,79,81,77,70,17,8,29,https://upload.wikimedia.org/wikipedia/commons/thumb/7/77/Mazraoui.jpg/500px-Mazraoui.jpg
mar_6,Sofyan Amrabat,Marrocos,Volante,27,Betis,2022,1,106,65,64,76,77,78,85,14,15,43,https://upload.wikimedia.org/wikipedia/commons/thumb/0/0f/Sofyan_Amrabat_vs_Niger_%28cropped%29.jpg/500px-Sofyan_Amrabat_vs_Niger_%28cropped%29.jpg
mar_7,Azzedine Ounahi,Marrocos,Meio-campista,24,Girona,2022,1,84,76,68,78,82,65,60,20,12,31,https://upload.wikimedia.org/wikipedia/commons/thumb/2/2e/Ounahi.jpg/500px-Ounahi.jpg
mar_8,Selim Amallah,Marrocos,Meio-campista,27,Khor Fakkan,2022,1,107,70,72,74,76,65,76,20,13,45,https://upload.wikimedia.org/wikipedia/commons/thumb/3/37/Amellah_%28cropped%29.jpg/500px-Amellah_%28cropped%29.jpg
mar_9,Hakim Ziyech,Marrocos,Ponta Direita,31,Wydad AC,"2018, 2022",2,109,76,78,85,83,50,65,16,18,34,https://upload.wikimedia.org/wikipedia/commons/e/e1/Hakim_Ziyech_2021.jpg
mar_10,Sofiane Boufal,Marrocos,Ponta Esquerda,30,Le Havre,2022,1,111,80,72,75,85,40,58,18,9,39,https://upload.wikimedia.org/wikipedia/commons/thumb/f/f9/Southampton_FC_versus_Sevilla_%2836346327746%29.jpg/500px-Southampton_FC_versus_Sevilla_%2836346327746%29.jpg
mar_11,Youssef En-Nesyri,Marrocos,Centroavante,27,Al-Ittihad,2022,1,107,84,82,65,74,45,82,12,13,37,https://upload.wikimedia.org/wikipedia/commons/thumb/2/26/Ennesyri.jpg/500px-Ennesyri.jpg
